{"epoch":20,"val_loss":0.07784049530637045,"_wandb":{"runtime":123},"_step":19,"train_accuracy":0.9910185185185185,"train_loss":0.03711649553272471,"val_accuracy":0.9763333333333334,"_timestamp":1.7728967171581938e+09,"_runtime":123,"val_f1":0.9761869620810577}