{"_step":4,"epoch":5,"val_accuracy":0.8376,"_wandb":{"runtime":18},"_runtime":18,"val_f1":0.8393065026484522,"_timestamp":1.7728964376127908e+09}