{"neuron_3_grad_norm":8.032026827197335,"neuron_1_grad_norm":3.498106367921338,"neuron_2_grad_norm":0,"iteration":49,"_runtime":2,"_step":49,"neuron_4_grad_norm":5.585723396256749,"neuron_0_grad_norm":0,"_timestamp":1.772897076395093e+09,"_wandb":{"runtime":2}}