{"train_loss":24.83973650209837,"_timestamp":1.7728921377757967e+09,"train_accuracy":0.3558703703703704,"val_loss":24.78426284449388,"val_accuracy":0.3616666666666667,"_step":9,"epoch":10,"_wandb":{"runtime":27},"_runtime":27,"val_f1":0.36075015452340414}