{"train_accuracy":0.9869629629629629,"_timestamp":1.7728972898017743e+09,"_wandb":{"runtime":192},"_runtime":192,"val_accuracy":0.9698333333333333,"val_f1":0.9697372303832674,"epoch":20,"val_loss":0.5118794586734059,"_step":19,"train_loss":0.14255311019479847}