{"neuron_0_grad_norm":5.423134789944334,"_timestamp":1.7728972941331189e+09,"neuron_1_grad_norm":1.443093466038886,"_wandb":{"runtime":0},"neuron_3_grad_norm":3.878387459922829,"_step":49,"iteration":49,"neuron_4_grad_norm":5.22960147017366,"neuron_2_grad_norm":3.604919959233641,"_runtime":0}