{"val_loss":0.18724464790150888,"train_loss":0.09191859868248506,"epoch":20,"train_accuracy":0.9775925925925926,"val_accuracy":0.9651666666666666,"_runtime":113,"_step":19,"val_f1":0.9651523323423084,"_timestamp":1.7728968376352527e+09,"_wandb":{"runtime":113}}