{"val_accuracy":0.9483333333333334,"_wandb":{"runtime":36},"epoch":20,"_runtime":36,"train_accuracy":0.9607407407407408,"val_f1":0.9477370990842839,"_timestamp":1.7728970899311469e+09,"train_loss":0.13591015965271605,"_step":19,"val_loss":0.1845909065752605}