{"epoch":5,"val_accuracy":0.817,"val_f1":0.8169839191065489,"_wandb":{"runtime":61},"_runtime":61,"_timestamp":1.7728965034986284e+09,"_step":4}