{"train_accuracy":0.8750185185185185,"epoch":3,"val_loss":0.45208623482086957,"_timestamp":1.772892432058998e+09,"_wandb":{"runtime":306},"grad_norm_layer0":45.85261785628733,"train_loss":0.45403619747599655,"val_f1":0.8745345347408909,"_step":2,"val_accuracy":0.876,"_runtime":306,"dead_neurons_layer2":0.43890205439814817,"dead_neurons_layer0":0.3353245081018518,"dead_neurons_layer1":0.42411299189814816}