{"_wandb":{"runtime":27},"val_accuracy":0.9615,"val_loss":1.9796871718834308,"_step":19,"_timestamp":1.7728931366620696e+09,"train_accuracy":0.9789814814814815,"_runtime":27,"epoch":20,"val_f1":0.9615192427109068,"train_loss":1.9094187767711785}