{"_step":49,"neuron_2_grad_norm":6.343564267314141,"_wandb":{"runtime":1},"neuron_1_grad_norm":4.8276892134068055,"iteration":49,"neuron_0_grad_norm":4.097684616724054,"_runtime":1,"neuron_3_grad_norm":0,"_timestamp":1.7728970087609603e+09,"neuron_4_grad_norm":2.625834878119833}