{"_runtime":129,"epoch":20,"val_f1":0.9740860652271074,"_wandb":{"runtime":129},"train_loss":0.05822411243392321,"train_accuracy":0.9899259259259259,"_step":19,"_timestamp":1.7728948316343803e+09,"val_loss":0.28138517354102305,"val_accuracy":0.9741666666666666}