{"epoch":20,"_timestamp":1.772895677909622e+09,"_step":19,"train_accuracy":0.9684814814814815,"_wandb":{"runtime":133},"_runtime":133,"val_f1":0.9557800044590136,"val_loss":0.16827658995039815,"train_loss":0.10905772075703354,"val_accuracy":0.9561666666666667}