{"train_loss":2.1054992705190188,"train_accuracy":0.944962962962963,"_wandb":{"runtime":33},"_runtime":33,"_step":19,"val_f1":0.9419708110045646,"val_loss":2.123282340145539,"val_accuracy":0.9413333333333334,"_timestamp":1.7728926577374985e+09,"epoch":20}