{"val_f1":0.9443595451575301,"val_loss":0.19402250961050063,"epoch":20,"train_loss":0.06785056570314155,"train_accuracy":0.981462962962963,"val_accuracy":0.9446666666666667,"_step":19,"_timestamp":1.7728998071767685e+09,"_runtime":117,"_wandb":{"runtime":117}}