{"_timestamp":1.7728931838677318e+09,"train_loss":0.14505315116280038,"train_accuracy":0.9587962962962963,"_step":19,"epoch":20,"val_accuracy":0.9471666666666667,"val_loss":0.1949343822979868,"val_f1":0.9465560870205153,"_runtime":41,"_wandb":{"runtime":41}}