{"val_accuracy":0.959,"_step":19,"_runtime":100,"val_loss":1.9548380408477035,"train_accuracy":0.9652037037037037,"_timestamp":1.7728994071458547e+09,"train_loss":1.9353456503689432,"val_f1":0.9589261073174977,"_wandb":{"runtime":100},"epoch":20}