{"val_accuracy":0.9738333333333333,"train_accuracy":0.9909259259259259,"epoch":20,"val_f1":0.9736607926233223,"_runtime":136,"_timestamp":1.7728942854012437e+09,"_wandb":{"runtime":136},"val_loss":0.29997341609332395,"_step":19,"train_loss":0.061105804176124115}