{"val_loss":2.790379833232193,"val_accuracy":0.9393333333333334,"_runtime":90,"epoch":20,"_wandb":{"runtime":90},"train_accuracy":0.9474444444444444,"val_f1":0.9399874219049952,"_timestamp":1.772897899032974e+09,"train_loss":2.758839900356077,"_step":19}