{"grad_norm_layer0":14.836068983130888,"_wandb":{"runtime":73},"_step":4,"epoch":5,"_runtime":73,"dead_neurons_layer2":0.41448828125,"_timestamp":1.7728959079747112e+09,"val_accuracy":0.9558333333333333,"val_loss":0.17026459189079854,"dead_neurons_layer1":0.49056640625,"train_loss":0.0429113722055652,"train_accuracy":0.985,"val_f1":0.955774247274359,"dead_neurons_layer0":0.525515625}