{"_step":19,"_wandb":{"runtime":56},"val_accuracy":0.954,"_runtime":56,"train_accuracy":0.966925925925926,"_timestamp":1.7728991986466718e+09,"val_loss":0.17112812064817864,"epoch":20,"val_f1":0.9538647649968831,"train_loss":0.11390368023324889}