{"_wandb":{"runtime":102},"epoch":20,"val_loss":0.25176355376076365,"train_loss":0.02674715914189624,"_step":19,"val_f1":0.9729862014641846,"_runtime":102,"train_accuracy":0.9942592592592593,"val_accuracy":0.9731666666666666,"_timestamp":1.7728995883197083e+09}