{"dead_neurons_layer1":0.47084765625,"_timestamp":1.7728961282516248e+09,"_runtime":68,"val_accuracy":0.9518333333333333,"train_accuracy":0.987,"val_loss":0.1801262958333681,"grad_norm_layer0":14.981981604040563,"dead_neurons_layer0":0.523703125,"train_loss":0.04143948376432013,"dead_neurons_layer2":0.4521796875,"_wandb":{"runtime":68},"epoch":5,"_step":4,"val_f1":0.9521877830069746}