{"train_accuracy":0.98,"dead_neurons_layer0":0.5107734375,"_step":4,"_runtime":67,"dead_neurons_layer1":0.486609375,"epoch":5,"val_f1":0.9491441934353514,"train_loss":0.05114224364618671,"dead_neurons_layer2":0.43104296875,"val_loss":0.186945524240809,"val_accuracy":0.9486666666666667,"_wandb":{"runtime":67},"_timestamp":1.7728962716586237e+09,"grad_norm_layer0":40.70876816489506}