{"_step":19,"val_f1":0.9631566035693109,"_runtime":26,"epoch":20,"train_accuracy":0.9892962962962963,"_wandb":{"runtime":26},"val_accuracy":0.9635,"_timestamp":1.7728952416096284e+09,"train_loss":0.03870860215284925,"val_loss":0.1398195966117167}