{"_step":4,"dead_neurons_layer0":0.3436796875,"train_loss":0.2618693027780438,"dead_neurons_layer2":0.38951171875,"grad_norm_layer0":40.411968973387275,"_runtime":99,"val_loss":0.29335133117352963,"epoch":5,"train_accuracy":0.922,"val_f1":0.9108931376581301,"dead_neurons_layer1":0.36421484375,"_timestamp":1.77289564170877e+09,"val_accuracy":0.9111666666666667,"_wandb":{"runtime":99}}