{"val_accuracy":0.96,"_runtime":100,"train_accuracy":0.9652962962962963,"_wandb":{"runtime":100},"train_loss":1.9268615350520473,"val_loss":1.9454551029040936,"val_f1":0.959699908719217,"_timestamp":1.7728946065581653e+09,"_step":19,"epoch":20}