{"epoch":5,"val_accuracy":0.8145,"val_f1":0.8203190102845525,"_runtime":60,"_wandb":{"runtime":60},"_timestamp":1.7728964154705613e+09,"_step":4}