{"val_accuracy":0.10533333333333333,"_runtime":67,"train_accuracy":0.093,"_step":4,"epoch":5,"dead_neurons_layer2":0,"_timestamp":1.7728960556667871e+09,"val_f1":0.01905910735809053,"dead_neurons_layer1":0,"val_loss":13.514015988024441,"_wandb":{"runtime":67},"train_loss":13.493594408063203,"grad_norm_layer0":5.827296140312458e-13,"dead_neurons_layer0":0}