{"val_loss":0.008518653668721482,"dead_neurons_layer0":0.7905,"dead_neurons_layer2":0.7955703125,"train_loss":0.004210353894386753,"train_accuracy":0.9865,"val_accuracy":0.9596666666666667,"_timestamp":1.7728962009846833e+09,"grad_norm_layer0":0.39408226330370605,"_wandb":{"runtime":68},"val_f1":0.9595128327865756,"dead_neurons_layer1":0.73901171875,"_runtime":68,"_step":4,"epoch":5}