{"val_f1":0.9717524480322783,"val_accuracy":0.9718333333333333,"_timestamp":1.7728944008368263e+09,"val_loss":0.26645069401693455,"_runtime":101,"_step":19,"train_accuracy":0.9947222222222222,"train_loss":0.02628636754384259,"_wandb":{"runtime":101},"epoch":20}