{"_step":4,"dead_neurons_layer2":0.5966015625,"train_accuracy":0.8975,"grad_norm_layer0":6948.330987556792,"dead_neurons_layer1":0.5886171875,"epoch":5,"val_f1":0.8347941467922397,"_wandb":{"runtime":68},"train_loss":2.7684474917025614,"_runtime":68,"val_accuracy":0.8358333333333333,"val_loss":4.471643903930242,"dead_neurons_layer0":0.57566796875,"_timestamp":1.7728963440140176e+09}