{"val_accuracy":0.954,"epoch":20,"train_accuracy":0.9687962962962963,"val_f1":0.9537098756902099,"_timestamp":1.7728986557834442e+09,"train_loss":0.11061928174822518,"_step":19,"val_loss":0.17854631518245972,"_wandb":{"runtime":50},"_runtime":50}