{"epoch":20,"_timestamp":1.7728919745309098e+09,"val_accuracy":0.953,"train_accuracy":0.9583518518518519,"_wandb":{"runtime":20},"_runtime":20,"train_loss":2.576094025936486,"val_f1":0.9526412478024131,"val_loss":2.6179026067130478,"_step":19}