{"epoch":20,"val_loss":0.19226680101520643,"val_accuracy":0.9661666666666666,"_wandb":{"runtime":730},"_runtime":730,"train_loss":0.07412959169075514,"val_f1":0.9660242290247791,"_timestamp":1.7728964146459963e+09,"train_accuracy":0.9826111111111111,"_step":19}