{"val_accuracy":0.9186666666666666,"_timestamp":1.7728956803275774e+09,"_step":4,"grad_norm_layer0":26.6117043719839,"train_accuracy":0.924,"dead_neurons_layer1":0.3798203125,"_runtime":34,"train_loss":0.26006210788970874,"val_f1":0.9186400169692737,"dead_neurons_layer0":0.335859375,"dead_neurons_layer2":0.3741484375,"val_loss":0.29165491283904316,"_wandb":{"runtime":34},"epoch":5}