{"epoch":5,"_timestamp":1.7728955396092522e+09,"train_loss":1.01356032398648,"val_loss":1.0392667787948355,"train_accuracy":0.772,"_step":4,"dead_neurons_layer1":0.3748046875,"dead_neurons_layer0":0.44574609375,"dead_neurons_layer2":0.4783671875,"val_f1":0.7579209843626773,"_runtime":38,"grad_norm_layer0":35.24478673472415,"_wandb":{"runtime":38},"val_accuracy":0.7618333333333334}