{"val_f1":0.9734989434682179,"train_loss":0.023485878563412093,"epoch":20,"val_accuracy":0.9736666666666667,"_step":19,"_runtime":57,"_wandb":{"runtime":57},"train_accuracy":0.9929814814814815,"val_loss":0.09546431508568916,"_timestamp":1.7728941048343172e+09}