{"train_accuracy":0.9251851851851852,"train_loss":1.4598825778524533,"_wandb":{"runtime":45},"val_loss":1.4689480082194706,"_timestamp":1.772892588429677e+09,"_step":19,"val_f1":0.9260569472079507,"epoch":20,"val_accuracy":0.9261666666666667,"_runtime":45}