{"train_loss":0.018845073220477824,"_runtime":101,"_timestamp":1.7728988543125074e+09,"_step":19,"train_accuracy":0.9957962962962963,"val_f1":0.9747984390259208,"_wandb":{"runtime":101},"val_accuracy":0.9748333333333333,"val_loss":0.24966422497667107,"epoch":20}