{"val_accuracy":0.9818333333333333,"_timestamp":1.7728965802789345e+09,"_wandb":{"runtime":156},"train_loss":0.0036838397316474036,"val_f1":0.9816271393143698,"_runtime":156,"epoch":20,"_step":19,"train_accuracy":0.9999444444444444,"val_loss":0.06817925655086822}