{"_timestamp":1.7728935867389572e+09,"_wandb":{"runtime":27},"_runtime":27,"val_loss":0.11614438486289336,"train_loss":0.06794541936808517,"train_accuracy":0.9816481481481482,"val_accuracy":0.9663333333333334,"_step":19,"epoch":20,"val_f1":0.9660540898106801}