{"val_loss":1.065909435463777,"val_f1":0.7776625982318764,"train_loss":0.9932688766404538,"_wandb":{"runtime":127},"_step":19,"epoch":20,"val_accuracy":0.6743333333333333,"_timestamp":1.7728949723735838e+09,"train_accuracy":0.6809814814814815,"_runtime":127}