{"_timestamp":1.7728983530452561e+09,"_step":19,"val_accuracy":0.9623333333333334,"train_accuracy":0.9715,"_wandb":{"runtime":17},"_runtime":17,"val_f1":0.9619752940564368,"epoch":20,"train_loss":0.10171328630909961,"val_loss":0.12613041598327154}